"post_id","party_name","case_number","case_type","case_status","file_date","status_date"
69162,Berkshire Bank,"1427CV000070",Civil,Disposed (Statistical Purposes),20140218,20140609
208069,Berkshire Bank,"1427CV000083",Civil,Disposed (Statistical Purposes),20140224,20141208
261092,Berkshire Bank,"1427CV000098",Civil,Disposed (Statistical Purposes),20140304,20140707
553887,Berkshire Bank,"1427CV000402",Civil,Disposed (Statistical Purposes),20141107,20150423
1098716,Berkshire Bank,"1427CV000447",Civil,Disposed (Statistical Purposes),20141229,20150401
1443108,Berkshire Bank,"1427CV000239",Civil,Disposed (Statistical Purposes),20140612,20140710
4256307,Berkshire Bank,"1376CV01168",Real Property,Open,20130910,20130910
4573951,Berkshire Bank,"1223CV000580",Civil,Disposed (Statistical Purposes),20120327,20120507
4957357,Berkshire Bank,"1127CV000363",Civil,Disposed (Statistical Purposes),20110802,20120229
5525086,Berkshire Bank,"1176CV00363",Contract / Business Cases,Closed,20111221,20120312
7171566,Berkshire Bank,"1285CV01940",Real Property,Closed,20120927,20130709
7284991,Berkshire Bank,"1276CV00150",Real Property,Closed,20120525,20140304
11250411,Berkshire Bank,"1027CV000785",Civil,Disposed (Statistical Purposes),20101222,20110125
11702928,Berkshire Bank,"1476CV00162",Contract / Business Cases,Closed,20140529,20140902
13209459,Berkshire Bank,"1127SC000104",Small Claims,Disposed (Statistical Purposes),20110214,20110325
13211459,Berkshire Bank,"1127SC000105",Small Claims,Disposed (Statistical Purposes),20110214,20110325
13214893,Berkshire Bank,"1127SC000107",Small Claims,Disposed (Statistical Purposes),20110214,20110317
13216808,Berkshire Bank,"1127SC000108",Small Claims,Disposed (Statistical Purposes),20110214,20110325
13218344,Berkshire Bank,"1127SC000109",Small Claims,Disposed (Statistical Purposes),20110214,20110325
13220491,Berkshire Bank,"1127SC000110",Small Claims,Disposed (Statistical Purposes),20110214,20110325
14566225,Berkshire Bank,"1323SC002651",Small Claims,Disposed (Statistical Purposes),20130830,20131024
15763837,Berkshire Bank,"1327CV000292",Civil,Disposed (Statistical Purposes),20130729,20140514
15881811,Berkshire Bank,"1225CV000161",Civil,Disposed (Statistical Purposes),20120216,20120418
16028440,Berkshire Bank,"1327CV000337",Civil,Disposed (Statistical Purposes),20130904,20140206
16031239,Berkshire Bank,"1327CV000338",Civil,Disposed (Statistical Purposes),20130904,20140206
16307617,Berkshire Bank,"1327CV000376",Civil,Disposed (Statistical Purposes),20130927,20140701
16323654,Berkshire Bank,"1327SP000122",Supplementary Process,Disposed (Statistical Purposes),20130927,20131105
16359702,Berkshire Bank,"1327CV000391",Civil,Disposed (Statistical Purposes),20131008,20131231
16466841,Berkshire Bank,"1327CV000407",Civil,Disposed (Statistical Purposes),20131024,20140225
16915496,Berkshire Bank,"1327SP000152",Supplementary Process,Disposed (Statistical Purposes),20131213,20140121
16919112,Berkshire Bank,"1327SP000153",Supplementary Process,Disposed (Statistical Purposes),20131213,20140129
17682854,Berkshire Bank,"1029SU000034",Summary Process,Disposed (Statistical Purposes),20101129,20101223
17717855,Berkshire Bank,"1376CV00025",Contract / Business Cases,Closed,20130125,20130410
17865128,Berkshire Bank,"1276CV00047",Contract / Business Cases,Closed,20120221,20120322
17866111,Berkshire Bank,"1276CV00128",Real Property,Closed,20120427,20120619
17866936,Berkshire Bank,"1276CV00090",Real Property,Closed,20120321,20120511
17887419,Berkshire Bank,"1276CV00135",Real Property,Closed,20120511,20120716
17888158,Berkshire Bank,"1276CV00136",Real Property,Closed,20120511,20120817
17892537,Berkshire Bank,"1276CV00059",Real Property,Closed,20120302,20120427
17893419,Berkshire Bank,"1276CV00060",Real Property,Closed,20120302,20120504
17895533,Berkshire Bank,"1276CV00139",Real Property,Closed,20120516,20120730
17895602,Berkshire Bank,"1276CV00061",Real Property,Closed,20120302,20120427
17895900,Berkshire Bank,"1276CV00140",Real Property,Closed,20120516,20120730
17907210,Berkshire Bank,"1276CV00146",Real Property,Closed,20120524,20120727
17908489,Berkshire Bank,"1276CV00148",Real Property,Closed,20120525,20120726
17909071,Berkshire Bank,"1276CV00069",Real Property,Closed,20120308,20120509
17910056,Berkshire Bank,"1276CV00110",Real Property,Closed,20120413,20120605
17916217,Berkshire Bank,"1276CV00152",Real Property,Closed,20120530,20120803
17924889,Berkshire Bank,"1276CV00075",Real Property,Closed,20120314,20120508
18256936,Berkshire Bank,"1476CV00195",Real Property,Closed,20140702,20140821
18273269,Berkshire Bank,"1476CV00205",Real Property,Closed,20140722,20140915
18307383,Berkshire Bank,"1476CV00203",Real Property,Closed,20140716,20140912
18375283,Berkshire Bank,"1476CV00227",Real Property,Closed,20140825,20141022
18411076,Berkshire Bank,"1476CV00253",Real Property,Closed,20140922,20141118
18443296,Berkshire Bank,"1476CV00286",Real Property,Closed,20141024,20150108
18555608,Berkshire Bank,"1480CV00124",Real Property,Closed,20140619,20141217
18592857,Berkshire Bank,"1376CV00284",Real Property,Closed,20131007,20131226
18604344,Berkshire Bank,"1376CV00293",Real Property,Closed,20131016,20131211
18624599,Berkshire Bank,"1376CV00336",Real Property,Closed,20131203,20140130
18625371,Berkshire Bank,"1376CV00337",Real Property,Closed,20131203,20131224
18628182,Berkshire Bank,"1476CV00347",Real Property,Closed,20141215,20150325
18633830,Berkshire Bank,"1476CV00348",Real Property,Closed,20141215,20150210
18682230,Berkshire Bank,"1476CV00358",Real Property,Closed,20141229,20150225
18763508,Berkshire Bank,"1176CV00020",Real Property,Closed,20110126,20110505
19001839,Berkshire Bank,"1476CV00060",Real Property,Closed,20140221,20140624
19002008,Berkshire Bank,"1476CV00046",Real Property,Closed,20140207,20140401
19005180,Berkshire Bank,"1476CV00047",Real Property,Closed,20140207,20140403
19009402,Berkshire Bank,"1476CV00048",Real Property,Closed,20140207,20140401
19048928,Berkshire Bank,"1280CV00199",Real Property,Closed,20120927,20130108
19077617,Berkshire Bank,"1476CV00109",Real Property,Closed,20140404,20140530
19130136,Berkshire Bank,"1176CV00173",Contract / Business Cases,Open,20110609,20111003
19132788,Berkshire Bank,"1176CV00178",Contract / Business Cases,Open,20110614,20111024
19150426,Berkshire Bank,"1476CV00184",Real Property,Closed,20140618,20140926
19184101,Berkshire Bank,"1076CV00223",Real Property,Closed,20100729,20100914
19189076,Berkshire Bank,"1476CV00165",Real Property,Closed,20140603,20140723
19192987,Berkshire Bank,"1476CV00191",Real Property,Closed,20140626,20140828
19217680,Berkshire Bank,"1476CV00192",Real Property,Closed,20140630,20140818
19218457,Berkshire Bank,"1076CV00230",Real Property,Closed,20100804,20100824
19221430,Berkshire Bank,"1476CV00183",Real Property,Closed,20140618,20140630
19275508,Berkshire Bank,"1076CV00264",Real Property,Closed,20100908,20101110
19294559,Berkshire Bank,"1076CV00271",Contract / Business Cases,Closed,20100910,20110314
19348509,Berkshire Bank,"1376CV00105",Real Property,Closed,20130417,20130613
19349831,Berkshire Bank,"1376CV00107",Real Property,Closed,20130417,20130612
19356847,Berkshire Bank,"1376CV00118",Real Property,Closed,20130426,20140730
19362685,Berkshire Bank,"1276CV00337",Real Property,Closed,20121114,20130312
19362912,Berkshire Bank,"1376CV00126",Real Property,Closed,20130502,20130628
19366830,Berkshire Bank,"1376CV00163",Real Property,Closed,20130611,20130806
19367287,Berkshire Bank,"1276CV00340",Equitable Remedies,Suspended,20121114,20130919
19368326,Berkshire Bank,"1376CV00164",Real Property,Closed,20130611,20130729
19369808,Berkshire Bank,"1376CV00165",Real Property,Closed,20130611,20130806
19374169,Berkshire Bank,"1276CV00289",Contract / Business Cases,Closed,20121010,20130522
19375048,Berkshire Bank,"1376CV00144",Real Property,Closed,20130517,20130712
19375697,Berkshire Bank,"1376CV00145",Equitable Remedies,Open,20130517,20140221
19394284,Berkshire Bank,"1276CV00308",Real Property,Closed,20121025,20121220
19394890,Berkshire Bank,"1276CV00309",Real Property,Closed,20121025,20121217
19395475,Berkshire Bank,"1076CV00028",Real Property,Closed,20100126,20100420
19397068,Berkshire Bank,"1376CV00149",Real Property,Closed,20130521,20130730
19403345,Berkshire Bank,"1276CV00313",Real Property,Closed,20121029,20130109
19412382,Berkshire Bank,"1276CV00362",Real Property,Closed,20121210,20130131
19412710,Berkshire Bank,"1276CV00363",Real Property,Closed,20121210,20130412
19413368,Berkshire Bank,"1276CV00364",Real Property,Closed,20121210,20130201
19414081,Berkshire Bank,"1276CV00366",Real Property,Closed,20121210,20130201
19419397,Berkshire Bank,"1076CV00034",Real Property,Closed,20100128,20100420
19586545,Berkshire Bank,"1076CV00159",Real Property,Closed,20100517,20100728
19587578,Berkshire Bank,"1076CV00160",Real Property,Closed,20100517,20100811
19617158,Berkshire Bank,"1176CV00212",Real Property,Closed,20110720,20110919
19622346,Berkshire Bank,"1176CV00222",Real Property,Closed,20110727,20110916
19622493,Berkshire Bank,"1176CV00223",Real Property,Closed,20110727,20111107
19631658,Berkshire Bank,"1176CV00242",Real Property,Closed,20110810,20111017
19646221,Berkshire Bank,"1176CV00255",Contract / Business Cases,Open,20110824,20120928
21580084,Berkshire Bank,"0520SP000040",Supplementary Process,Disposed (Statistical Purposes),20050407,20050613
21702883,Berkshire Bank,"0852CV000719",Civil,Disposed (Statistical Purposes),20080602,20080801
23356195,Berkshire Bank,"0715CV001027",Civil,Disposed (Statistical Purposes),20070418,20071106
25966419,Berkshire Bank,"0941CV000572",Civil,Disposed (Statistical Purposes),20091123,20091229
26311049,Berkshire Bank,"0618CV000085",Civil,Disposed (Statistical Purposes),20060127,20060504
26708142,Berkshire Bank,"0528SC000257",Small Claims,Disposed (Statistical Purposes),20050412,20050616
28080543,Berkshire Bank,"0527CV000181",Civil,Disposed (Statistical Purposes),20050421,20050725
28102276,Berkshire Bank,"0527SC000582",Small Claims,Disposed (Statistical Purposes),20050502,20050609
28118972,Berkshire Bank,"0527SC000581",Small Claims,Disposed (Statistical Purposes),20050502,20050609
28220039,Berkshire Bank,"0527SC000692",Small Claims,Disposed (Statistical Purposes),20050524,20050701
28220906,Berkshire Bank,"0527SC000694",Small Claims,Disposed (Statistical Purposes),20050524,20050701
28223393,Berkshire Bank,"0527SC000693",Small Claims,Disposed (Statistical Purposes),20050524,20050701
28255796,Berkshire Bank,"0527CV000288",Civil,Disposed (Statistical Purposes),20050610,20060124
28398204,Berkshire Bank,"0543CV000036",Civil,Disposed (Statistical Purposes),20050203,20050420
28798630,Berkshire Bank,"0527SC000068",Small Claims,Disposed (Statistical Purposes),20050125,20050303
28811168,Berkshire Bank,"0527CV000055",Civil,Disposed (Statistical Purposes),20050203,20050330
28861592,Berkshire Bank,"0527CV000082",Civil,Disposed (Statistical Purposes),20050228,20051121
30823716,Berkshire Bank,"0523CV000497",Civil,Disposed (Statistical Purposes),20050228,20050419
32183475,Berkshire Bank,"0927SP000363",Supplementary Process,Disposed (Statistical Purposes),20091113,20091222
32189122,Berkshire Bank,"0927SP000364",Supplementary Process,Disposed (Statistical Purposes),20091113,20091222
32189577,Berkshire Bank,"0927SP000362",Supplementary Process,Disposed (Statistical Purposes),20091112,20091222
32210704,Berkshire Bank,"1527SP000050",Supplementary Process,Disposed (Statistical Purposes),20150529,20150722
32352811,Berkshire Bank,"0927CV000946",Civil,Disposed (Statistical Purposes),20091229,20100505
32524094,Berkshire Bank,"0728SP000037",Supplementary Process,Disposed (Statistical Purposes),20070521,20070710
32663627,Berkshire Bank,"0628CV000244",Civil,Disposed (Statistical Purposes),20060908,20070222
33291708,Berkshire Bank,"0628CV000022",Civil,Disposed (Statistical Purposes),20060201,20060420
33374228,Berkshire Bank,"0727SC000394",Small Claims,Disposed (Statistical Purposes),20070410,20070516
33411707,Berkshire Bank,"1527CV000039",Civil,Disposed (Statistical Purposes),20150206,20150302
33446803,Berkshire Bank,"1527CV000035",Civil,Disposed (Statistical Purposes),20150203,20150810
33485282,Berkshire Bank,"1527CV000085",Civil,Disposed (Statistical Purposes),20150317,20150318
33522653,Berkshire Bank,"0627CV000371",Civil,Disposed (Statistical Purposes),20060714,20060901
33529070,Berkshire Bank,"0627SC000948",Small Claims,Disposed (Statistical Purposes),20060711,20060818
33599973,Berkshire Bank,"1527CV000259",Civil,Disposed (Statistical Purposes),20150819,20150901
33605590,Berkshire Bank,"1527CV000260",Civil,Disposed (Statistical Purposes),20150819,20151119
33654953,Berkshire Bank,"0627SC001109",Small Claims,Disposed (Statistical Purposes),20060824,20060928
33900346,Berkshire Bank,"0527CV000390",Civil,Disposed (Statistical Purposes),20050804,20050920
33943357,Berkshire Bank,"0727SC000455",Small Claims,Disposed (Statistical Purposes),20070417,20070516
34006741,Berkshire Bank,"0527SC001249",Small Claims,Disposed (Statistical Purposes),20050914,20051026
34051064,Berkshire Bank,"0727SC000578",Small Claims,Disposed (Statistical Purposes),20070516,20070622
34054209,Berkshire Bank,"0727SC000577",Small Claims,Disposed (Statistical Purposes),20070516,20070622
34063923,Berkshire Bank,"0727SC000576",Small Claims,Disposed (Statistical Purposes),20070516,20070622
34080943,Berkshire Bank,"0727CV000336",Civil,Disposed (Statistical Purposes),20070601,20071212
34152665,Berkshire Bank,"0727SC001182",Small Claims,Disposed (Statistical Purposes),20071002,20071023
34189039,Berkshire Bank,"0727SC001391",Small Claims,Disposed (Statistical Purposes),20071114,20071227
34313330,Berkshire Bank,"0727SC001479",Small Claims,Disposed (Statistical Purposes),20071207,20071218
34316350,Berkshire Bank,"0627CV000019",Civil,Disposed (Statistical Purposes),20060112,20070313
34322758,Berkshire Bank,"0727SC001480",Small Claims,Disposed (Statistical Purposes),20071207,20080117
34324630,Berkshire Bank,"0727SC001481",Small Claims,Disposed (Statistical Purposes),20071207,20071218
34331262,Berkshire Bank,"0627CV000022",Civil,Disposed (Statistical Purposes),20060118,20060307
34341873,Berkshire Bank,"0727CV000722",Civil,Disposed (Statistical Purposes),20071128,20080211
34371899,Berkshire Bank,"0727SC001568",Small Claims,Disposed (Statistical Purposes),20071227,20080207
34376913,Berkshire Bank,"0727SC001569",Small Claims,Disposed (Statistical Purposes),20071227,20080207
34421069,Berkshire Bank,"0627CV000202",Civil,Disposed (Statistical Purposes),20060420,20060915
34456712,Berkshire Bank,"0627CV000244",Civil,Disposed (Statistical Purposes),20060505,20060605
34462828,Berkshire Bank,"0627SC000775",Small Claims,Disposed (Statistical Purposes),20060522,20060705
34468685,Berkshire Bank,"0627CV000266",Civil,Disposed (Statistical Purposes),20060518,20060824
34472291,Berkshire Bank,"0627CV000267",Civil,Disposed (Statistical Purposes),20060518,20060920
34483487,Berkshire Bank,"0627SC000729",Small Claims,Disposed (Statistical Purposes),20060522,20060726
34528153,Berkshire Bank,"0827SC000617",Small Claims,Disposed (Statistical Purposes),20080428,20080512
34547906,Berkshire Bank,"0827SC000621",Small Claims,Disposed (Statistical Purposes),20080430,20080604
34555472,Berkshire Bank,"0627SC000855",Small Claims,Disposed (Statistical Purposes),20060620,20060726
34858165,Berkshire Bank,"0927CV000084",Civil,Disposed (Statistical Purposes),20090130,20090303
35219208,Berkshire Bank,"0927CV000269",Civil,Disposed (Statistical Purposes),20090401,20090508
35245488,Berkshire Bank,"0927CV000268",Civil,Disposed (Statistical Purposes),20090401,20090508
35268364,Berkshire Bank,"1627CV000038",Civil,Disposed (Statistical Purposes),20160208,20160314
36110114,Berkshire Bank,"0623CV001139",Civil,Disposed (Statistical Purposes),20060504,20060628
36134794,Berkshire Bank,"0623CV000286",Civil,Disposed (Statistical Purposes),20060203,20060511
36713843,Berkshire Bank,"0929CV000027",Civil,Disposed (Statistical Purposes),20090129,20090319
36764941,Berkshire Bank,"0965CV000415",Civil,Disposed (Statistical Purposes),20090701,20091026
37086107,Berkshire Bank,"0627SC001490",Small Claims,Disposed (Statistical Purposes),20061121,20061227
37091635,Berkshire Bank,"0627SC001489",Small Claims,Disposed (Statistical Purposes),20061121,20061227
37101265,Berkshire Bank,"0627SC001535",Small Claims,Disposed (Statistical Purposes),20061122,20061227
37105866,Berkshire Bank,"0627SC001534",Small Claims,Disposed (Statistical Purposes),20061122,20061227
37165492,Berkshire Bank,"0627SC001585",Small Claims,Disposed (Statistical Purposes),20061207,20070117
37198344,Berkshire Bank,"0627CV000657",Civil,Disposed (Statistical Purposes),20061213,20070316
37238706,Berkshire Bank,"0627SC001690",Small Claims,Disposed (Statistical Purposes),20061222,20070202
37244194,Berkshire Bank,"0627SC001716",Small Claims,Disposed (Statistical Purposes),20061222,20070103
37255167,Berkshire Bank,"0627SC001709",Small Claims,Disposed (Statistical Purposes),20061218,20070119
37525345,Berkshire Bank,"0544SC000704",Small Claims,Disposed (Statistical Purposes),20050801,20051207
37527997,Berkshire Bank,"0544SC000715",Small Claims,Disposed (Statistical Purposes),20050801,20051221
37558167,Berkshire Bank,"0544SC000725",Small Claims,Disposed (Statistical Purposes),20050804,20051222
37563593,Berkshire Bank,"0544SC000724",Small Claims,Disposed (Statistical Purposes),20050804,20051208
37699063,Berkshire Bank,"0644SC000707",Small Claims,Disposed (Statistical Purposes),20060713,20061129
37710283,Berkshire Bank,"0644SC000708",Small Claims,Disposed (Statistical Purposes),20060713,20061013
37711740,Berkshire Bank,"0744SC000362",Small Claims,Disposed (Statistical Purposes),20070410,20070809
37729813,Berkshire Bank,"0644SC000726",Small Claims,Disposed (Statistical Purposes),20060717,20061204
37730914,Berkshire Bank,"0644CV000336",Civil,Disposed (Statistical Purposes),20060717,20061019
37740219,Berkshire Bank,"0744SC000440",Small Claims,Disposed (Statistical Purposes),20070430,20070628
37813822,Berkshire Bank,"0644CV000034",Civil,Disposed (Statistical Purposes),20060126,20060425
37857427,Berkshire Bank,"0744SC001236",Small Claims,Disposed (Statistical Purposes),20071128,20080214
37928145,Berkshire Bank,"0644SC000275",Small Claims,Disposed (Statistical Purposes),20060313,20060815
38172327,Berkshire Bank,"0644SC000537",Small Claims,Disposed (Statistical Purposes),20060518,20060919
38179100,Berkshire Bank,"0644SC000566",Small Claims,Disposed (Statistical Purposes),20060531,20061002
38207640,Berkshire Bank,"0644SC000588",Small Claims,Disposed (Statistical Purposes),20060607,20061002
38660556,Berkshire Bank,"0827CV000734",Civil,Disposed (Statistical Purposes),20080916,20081017
38660793,Berkshire Bank,"0827CV000732",Civil,Disposed (Statistical Purposes),20080916,20081029
38661455,Berkshire Bank,"0827CV000733",Civil,Disposed (Statistical Purposes),20080916,20090416
38682356,Berkshire Bank,"0827SC001184",Small Claims,Disposed (Statistical Purposes),20080813,20081217
38683046,Berkshire Bank,"0827SC001183",Small Claims,Disposed (Statistical Purposes),20080813,20081003
39296563,Berkshire Bank,"0727SC001017",Small Claims,Disposed (Statistical Purposes),20070817,20070830
39344131,Berkshire Bank,"0727CV000558",Civil,Disposed (Statistical Purposes),20070911,20071121
39426224,Berkshire Bank,"0727SC001157",Small Claims,Disposed (Statistical Purposes),20070926,20071030
39580665,Berkshire Bank,"0844SC000137",Small Claims,Disposed (Statistical Purposes),20080219,20080703
39617846,Berkshire Bank,"0844SC000096",Small Claims,Disposed (Statistical Purposes),20080204,20080320
39834643,Berkshire Bank,"0527SP000231",Supplementary Process,Disposed (Statistical Purposes),20051222,20060222
39878858,Berkshire Bank,"0527SC001658",Small Claims,Disposed (Statistical Purposes),20051223,20060203
40173214,Berkshire Bank,"0644SC001068",Small Claims,Disposed (Statistical Purposes),20061013,20061108
40496592,Berkshire Bank,"0927SC000826",Small Claims,Disposed (Statistical Purposes),20090508,20090702
40592986,Berkshire Bank,"0927CV000436",Civil,Disposed (Statistical Purposes),20090605,20090703
40597883,Berkshire Bank,"0927SP000194",Supplementary Process,Disposed (Statistical Purposes),20090603,20090825
40635154,Berkshire Bank,"0927CV000438",Civil,Disposed (Statistical Purposes),20090605,20090703
40640495,Berkshire Bank,"0927CV000437",Civil,Disposed (Statistical Purposes),20090605,20090703
40646541,Berkshire Bank,"0927CV000433",Civil,Disposed (Statistical Purposes),20090605,20090703
40943268,Berkshire Bank,"0844CV000411",Civil,Disposed (Statistical Purposes),20080613,20080806
41858211,Berkshire Bank,"0929SP000058",Supplementary Process,Disposed (Statistical Purposes),20090608,20090717
42149603,Berkshire Bank,"0844SC000593",Small Claims,Disposed (Statistical Purposes),20080620,20080814
42701479,Berkshire Bank,"0844SC000704",Small Claims,Disposed (Statistical Purposes),20080724,20081014
42885188,Berkshire Bank,"0844SC001035",Small Claims,Disposed (Statistical Purposes),20081001,20090224
43437414,Berkshire Bank,"0844SC001087",Small Claims,Disposed (Statistical Purposes),20081010,20081210
43442742,Berkshire Bank,"0844SC001135",Small Claims,Disposed (Statistical Purposes),20081022,20090109
43455359,Berkshire Bank,"0944SP000212",Supplementary Process,Disposed (Statistical Purposes),20090514,20091007
43598165,Berkshire Bank,"0944CV000543",Civil,Disposed (Statistical Purposes),20090629,20100311
43601398,Berkshire Bank,"0844SC001451",Small Claims,Disposed (Statistical Purposes),20081230,20090210
43628340,Berkshire Bank,"0844SC001406",Small Claims,Disposed (Statistical Purposes),20081216,20090331
45509613,Berkshire Bank,"0527SC001156",Small Claims,Disposed (Statistical Purposes),20050830,20051104
45509938,Berkshire Bank,"0527SC001157",Small Claims,Disposed (Statistical Purposes),20050830,20051006
46045235,Berkshire Bank,"0629CV000014",Civil,Disposed (Statistical Purposes),20060127,20060921
46079321,Berkshire Bank,"0627SC001345",Small Claims,Disposed (Statistical Purposes),20061010,20061127
46475653,Berkshire Bank,"0727SC000109",Small Claims,Disposed (Statistical Purposes),20070307,20070307
46866830,Berkshire Bank,"0827CV000042",Civil,Disposed (Statistical Purposes),20080116,20081015
46946291,Berkshire Bank,"0843CV001007",Civil,Disposed (Statistical Purposes),20081223,20090911
47286777,Berkshire Bank,"0923CV002080",Civil,Disposed (Statistical Purposes),20090706,20090917
47722729,Berkshire Bank,"1076CV00329",Real Property,Closed,20101108,20101122
47731610,Berkshire Bank,"1076CV00006",Real Property,Closed,20100112,20100322
47737651,Berkshire Bank,"1076CV00140",Real Property,Closed,20100427,20100624
47829851,Berkshire Bank,"1176CV00132",Real Property,Closed,20110512,20110603
47829864,Berkshire Bank,"1176CV00133",Real Property,Closed,20110512,20110712
47829880,Berkshire Bank,"1176CV00134",Real Property,Closed,20110512,20110822
47970756,Berkshire Bank,"1276CV00205",Real Property,Closed,20120802,20120924
47972351,Berkshire Bank,"1276CV00220",Real Property,Closed,20120816,20121030
47972425,Berkshire Bank,"1276CV00221",Real Property,Closed,20120816,20121022
47973829,Berkshire Bank,"1276CV00233",Real Property,Closed,20120829,20121030
47974735,Berkshire Bank,"1276CV00243",Real Property,Closed,20120906,20121203
47976600,Berkshire Bank,"1276CV00258",Real Property,Closed,20120914,20121113
47993695,Berkshire Bank,"1376CV00212",Real Property,Closed,20130729,20130917
47993713,Berkshire Bank,"1376CV00213",Real Property,Closed,20130729,20131003
47993775,Berkshire Bank,"1376CV00215",Real Property,Closed,20130730,20130926
47994516,Berkshire Bank,"1376CV00230",Real Property,Closed,20130809,20131024
47995735,Berkshire Bank,"1376CV00258",Real Property,Closed,20130910,20131113
47996525,Berkshire Bank,"1376CV00272",Real Property,Closed,20130925,20150224
47996534,Berkshire Bank,"1376CV00273",Real Property,Closed,20130925,20150224
48001016,Berkshire Bank,"1376CV00002",Real Property,Closed,20130103,20130304
48001111,Berkshire Bank,"1376CV00003",Real Property,Closed,20130103,20130304
48001281,Berkshire Bank,"1376CV00006",Real Property,Closed,20130104,20130305
48002180,Berkshire Bank,"1376CV00013",Real Property,Closed,20130115,20130312
48002233,Berkshire Bank,"1376CV00014",Real Property,Closed,20130115,20130312
48003772,Berkshire Bank,"1376CV00044",Real Property,Closed,20130205,20130402
48004592,Berkshire Bank,"1376CV00067",Real Property,Closed,20130305,20130722
48004769,Berkshire Bank,"1376CV00074",Real Property,Closed,20130307,20130729
48005033,Berkshire Bank,"1376CV00078",Contract / Business Cases,Closed,20130311,20130612
48005285,Berkshire Bank,"1376CV00082",Real Property,Closed,20130318,20130502
48032817,Berkshire Bank,"1443SP000027",Supplementary Process,Disposed (Statistical Purposes),20140129,20140317
48177066,Berkshire Bank,"1527CV000109",Civil,Disposed (Statistical Purposes),20150403,20150610
49705468,Berkshire Bank,"0623CV000743",Civil,Disposed (Statistical Purposes),20060324,20060816
50677882,Berkshire Bank,"07 MISC 353825",Servicemembers,Closed,20070802,20071106
50951799,Berkshire Bank,"0823CV004186",Civil,Disposed (Statistical Purposes),20081210,20090825
52487131,Berkshire Bank,"13 MISC 478060",Servicemembers,Closed,20130529,20130806
52846678,Berkshire Bank,"0523CV001411",Civil,Disposed (Statistical Purposes),20050610,20060127
52964962,Berkshire Bank,"0523CV000118",Civil,Disposed (Statistical Purposes),20050114,20050331
52964996,Berkshire Bank,"0523CV000120",Civil,Disposed (Statistical Purposes),20050114,20050401
52965633,Berkshire Bank,"0523CV000119",Civil,Disposed (Statistical Purposes),20050114,20060111
53176539,Berkshire Bank,"0723CV003510",Civil,Disposed (Statistical Purposes),20071119,20080320
53450022,Berkshire Bank,"13 MISC 480075",Servicemembers,Closed,20131016,20140722
53506207,Berkshire Bank,"0623CV000204",Civil,Disposed (Statistical Purposes),20060126,20060303
54304890,Berkshire Bank,"05 MISC 310481",Servicemembers,Closed,20050616,20050907
55338642,Berkshire Bank,"13 MISC 476744",Servicemembers,Closed,20130220,20130606
55799223,Berkshire Bank,"0623CV002241",Civil,Disposed (Statistical Purposes),20060824,20070815
55806055,Berkshire Bank,"0623CV001889",Civil,Disposed (Statistical Purposes),20060720,20061024
55924106,Berkshire Bank,"0623CV002331",Civil,Disposed (Statistical Purposes),20060901,20061024
55925077,Berkshire Bank,"0623CV002332",Civil,Disposed (Statistical Purposes),20060901,20061017
57019562,Berkshire Bank,"12 MISC 457629",Servicemembers,Closed,20120105,20120411
57031436,Berkshire Bank,"0823CV001801",Civil,Disposed (Statistical Purposes),20080603,20080721
57199170,Berkshire Bank,"15 SM 000569",Servicemembers,Closed,20150130,20150710
58057156,Berkshire Bank,"12 MISC 459008",Servicemembers,Open,20120203,20120203
58634202,Berkshire Bank,"12 MISC 463943",Servicemembers,Closed,20120503,20120816
59541191,Berkshire Bank,"16 SM 004646",Servicemembers,Open,20160505,20160505
60024898,Berkshire Bank,"0576CV00115",Contract / Business Cases,Closed,20050427,20050714
60381220,Berkshire Bank,"0623SP000967",Supplementary Process,Disposed (Statistical Purposes),20060831,20070319
60443373,Berkshire Bank,"16 SM 001512",Servicemembers,Closed,20160217,20160614
60524574,Berkshire Bank,"16 SM 003990",Servicemembers,Closed,20160419,20161027
61396723,Berkshire Bank,"06 MISC 326115",Servicemembers,Closed,20060712,20060925
61949796,Berkshire Bank,"0956CV001502",Civil,Disposed (Statistical Purposes),20090504,20090612
62267470,Berkshire Bank,"08 MISC 372044",Servicemembers,Closed,20080207,20150211
63111144,Berkshire Bank,"1676CV00101",Real Property,Open,20160408,20160408
63346933,Berkshire Bank,"11 MISC 456845",Servicemembers,Open,20111212,20111212
63598954,Berkshire Bank,"0676CV00314",Real Property,Closed,20061023,20070104
63673758,Berkshire Bank,"1580CV00042",Real Property,Open,20150323,20150323
64027013,Berkshire Bank,"1579CV00069",Real Property,Closed,20150210,20150609
64157892,Berkshire Bank,"1479CV00925",Real Property,Closed,20141126,20150312
64166141,Berkshire Bank,"0980CV00192",Real Property,Closed,20090918,20091120
64202410,Berkshire Bank,"0983CV01547",Real Property,Closed,20091207,20100318
64268983,Berkshire Bank,"1623SC002615",Small Claims,Pending,20161028,20161028
64598143,Berkshire Bank,"1479CV00582",Real Property,Closed,20140728,20141105
64884011,Berkshire Bank,"0576CV00341",Real Property,Closed,20051102,20060111
65345141,Berkshire Bank,"1623SC001167",Small Claims,Disposed (Statistical Purposes),20160526,20161005
65368207,Berkshire Bank,"0576CV00039",Real Property,Closed,20050202,20050330
65399769,Berkshire Bank,"0576CV00029",Real Property,Closed,20050126,20050330
65780309,Berkshire Bank,"1479CV00051",Real Property,Closed,20140116,20140519
65978982,Berkshire Bank,"1379CV00776",Real Property,Closed,20131104,20140218
65980178,Berkshire Bank,"1379CV00777",Real Property,Closed,20131104,20140227
66105743,Berkshire Bank,"16 SM 007168",Servicemembers,Closed,20160718,20160901
66168540,Berkshire Bank,"16 SM 007124",Servicemembers,Open,20160715,20160715
66240041,Berkshire Bank,"1379CV00292",Real Property,Closed,20130422,20130719
66670443,Berkshire Bank,"16 SM 007200",Servicemembers,Open,20160719,20160719
66757471,Berkshire Bank,"1327CV000239",Civil,Disposed (Statistical Purposes),20130626,20130905
66757655,Berkshire Bank,"1327CV000240",Civil,Disposed (Statistical Purposes),20130626,20130905
66911311,Berkshire Bank,"1327CV000051",Civil,Disposed (Statistical Purposes),20130212,20130905
66912351,Berkshire Bank,"1327CV000183",Civil,Disposed (Statistical Purposes),20130517,20140630
66939191,Berkshire Bank,"1644SC000497",Small Claims,Disposed (Statistical Purposes),20160812,20160930
66953604,Berkshire Bank,"1327CV000176",Civil,Disposed (Statistical Purposes),20130513,20130708
66962348,Berkshire Bank,"0979CV00629",Real Property,Closed,20090629,20091119
67016307,Berkshire Bank,"0979CV00618",Real Property,Closed,20090623,20091119
67021884,Berkshire Bank,"0676CV00360",Contract / Business Cases,Closed,20061206,20071214
67036251,Berkshire Bank,"0979CV00971",Real Property,Closed,20091006,20100204
67049014,Berkshire Bank,"0979CV00679",Real Property,Closed,20090710,20091116
67509250,Berkshire Bank,"0979CV00441",Real Property,Closed,20090508,20090902
67927069,Berkshire Bank,"0979CV00041",Real Property,Closed,20090115,20090323
68193067,Berkshire Bank,"0879CV01214",Real Property,Closed,20081231,20090612
68456140,Berkshire Bank,"0879CV01012",Real Property,Closed,20081027,20090115
69327996,Berkshire Bank,"1284CV02327",Real Property,Closed,20120620,20120828
70855726,Berkshire Bank,"16 SM 010010",Servicemembers,Open,20161017,20161017
70855729,Berkshire Bank,"16 SM 010010",Servicemembers,Open,20161017,20161017
70917485,Berkshire Bank,"1379CV00106",Real Property,Closed,20130208,20130624
71056304,Berkshire Bank,"16 SM 005221",Servicemembers,Open,20160519,20160519
71367468,Berkshire Bank,"16 SM 004771",Servicemembers,Open,20160509,20160509
71475275,Berkshire Bank,"1379CV00182",Real Property,Closed,20130307,20130719
71892152,Berkshire Bank,"1676CV00261",Real Property,Open,20160909,20160909
72048995,Berkshire Bank,"1676CV00243",Real Property,Open,20160816,20160816
72064448,Berkshire Bank,"1676CV00238",Real Property,Open,20160812,20160812
72084889,Berkshire Bank,"1676CV00078",Real Property,Open,20160314,20160314
72121338,Berkshire Bank,"1279CV00287",Real Property,Closed,20120403,20120629
72129008,Berkshire Bank,"1676CV00229",Real Property,Open,20160810,20160810
72138266,Berkshire Bank,"1279CV00712",Real Property,Closed,20120829,20130318
72226460,Berkshire Bank,"1676CV00169",Real Property,Open,20160607,20160607
72228180,Berkshire Bank,"1676CV00168",Real Property,Open,20160607,20160607
72240116,Berkshire Bank,"1676CV00216",Real Property,Open,20160727,20160727
72340452,Berkshire Bank,"1576CV00342",Real Property,Open,20151222,20151222
72370926,Berkshire Bank,"1676CV00207",Real Property,Open,20160718,20160718
72408314,Berkshire Bank,"1676CV00203",Real Property,Open,20160713,20160713
72412811,Berkshire Bank,"1576CV00337",Real Property,Open,20151217,20160225
72414030,Berkshire Bank,"1576CV00336",Real Property,Open,20151217,20151217
72416540,Berkshire Bank,"1576CV00230",Real Property,Open,20150818,20150818
72422932,Berkshire Bank,"1676CV00060",Real Property,Closed,20160224,20160422
72434701,Berkshire Bank,"1279CV00397",Real Property,Closed,20120509,20120807
72490950,Berkshire Bank,"1679CV00622",Real Property,Open,20160818,20160818
72509747,Berkshire Bank,"1676CV00200",Real Property,Open,20160711,20160711
72567709,Berkshire Bank,"1676CV00135",Real Property,Open,20160517,20160517
72673650,Berkshire Bank,"1676CV00130",Real Property,Open,20160510,20160510
72674885,Berkshire Bank,"1676CV00129",Real Property,Closed,20160510,20160712
72737337,Berkshire Bank,"1576CV00212",Real Property,Closed,20150731,20150731
72790919,Berkshire Bank,"1676CV00184",Real Property,Open,20160621,20160621
72857461,Berkshire Bank,"1679CV00552",Real Property,Open,20160720,20160720
72858084,Berkshire Bank,"1576CV00319",Contract / Business Cases,Suspended,20151118,20160915
72924397,Berkshire Bank,"1676CV00116",Real Property,Open,20160427,20160427
73017417,Berkshire Bank,"1279CV00018",Real Property,Closed,20120109,20120327
73116484,Berkshire Bank,"1576CV00271",Real Property,Open,20150924,20150924
73118008,Berkshire Bank,"1576CV00272",Real Property,Closed,20150924,20151123
73127102,Berkshire Bank,"1576CV00304",Real Property,Closed,20151029,20151222
73149665,Berkshire Bank,"1576CV00069",Real Property,Closed,20150316,20150511
73151136,Berkshire Bank,"1679CV00115",Real Property,Open,20160217,20160217
73151578,Berkshire Bank,"1576CV00070",Real Property,Closed,20150316,20150520
73197048,Berkshire Bank,"1679CV00433",Real Property,Open,20160610,20160610
73204942,Berkshire Bank,"1679CV00431",Real Property,Open,20160610,20160610
73209006,Berkshire Bank,"1679CV00432",Real Property,Open,20160610,20160610
73229011,Berkshire Bank,"1679CV00658",Real Property,Open,20160906,20160906
73236341,Berkshire Bank,"1679CV00662",Real Property,Open,20160906,20160906
73276434,Berkshire Bank,"1576CV00147",Real Property,Closed,20150519,20150708
73312009,Berkshire Bank,"1576CV00180",Real Property,Closed,20150624,20150826
73367031,Berkshire Bank,"1576CV00284",Real Property,Closed,20151014,20151204
73411773,Berkshire Bank,"1679CV00093",Real Property,Open,20160208,20160208
73462167,Berkshire Bank,"1679CV00474",Real Property,Open,20160624,20160624
73466641,Berkshire Bank,"1679CV00478",Real Property,Open,20160624,20160624
73466912,Berkshire Bank,"1679CV00480",Real Property,Open,20160624,20160624
73467378,Berkshire Bank,"1679CV00475",Real Property,Open,20160624,20160624
73467758,Berkshire Bank,"1679CV00477",Real Property,Open,20160624,20160624
73532412,Berkshire Bank,"1679CV00472",Real Property,Open,20160623,20160623
73702744,Berkshire Bank,"0976CV00106",Real Property,Closed,20090331,20090527
73763167,Berkshire Bank,"1679CV00003",Real Property,Open,20160104,20160104
73827360,Berkshire Bank,"1679CV00214",Real Property,Open,20160323,20160323
73856367,Berkshire Bank,"1179CV00815",Real Property,Closed,20110930,20120124
73953216,Berkshire Bank,"1579CV00835",Real Property,Open,20151120,20151120
73982399,Berkshire Bank,"0976CV00307",Real Property,Closed,20091001,20091209
74050753,Berkshire Bank,"0976CV00297",Equitable Remedies,Closed,20090922,20091006
74096341,Berkshire Bank,"0976CV00086",Real Property,Closed,20090319,20090512
74106816,Berkshire Bank,"0976CV00159",Real Property,Closed,20090529,20090828
74127776,Berkshire Bank,"0876CV00283",Real Property,Closed,20081010,20081217
74178526,Berkshire Bank,"0976CV00074",Real Property,Closed,20090310,20090507
74191309,Berkshire Bank,"1179CV00445",Contract / Business Cases,Open,20110523,20111123
74226684,Berkshire Bank,"1679CV00343",Real Property,Open,20160503,20160503
74255903,Berkshire Bank,"1179CV00431",Real Property,Closed,20110520,20111003
74362185,Berkshire Bank,"1576CV00020",Real Property,Open,20150126,20150126
74571118,Berkshire Bank,"0976CV00207",Contract / Business Cases,Closed,20090710,20091029
74592087,Berkshire Bank,"0876CV00263",Equitable Remedies,Closed,20080916,20090112
74753562,Berkshire Bank,"0976CV00197",Real Property,Closed,20090701,20090827
74783349,Berkshire Bank,"1179CV00631",Real Property,Closed,20110727,20111116
74785266,Berkshire Bank,"1179CV00629",Real Property,Closed,20110727,20111116
74786377,Berkshire Bank,"1179CV00630",Real Property,Closed,20110727,20111116
74816154,Berkshire Bank,"1079CV00888",Real Property,Closed,20101001,20101116
74838657,Berkshire Bank,"1179CV00157",Real Property,Closed,20110218,20110615
74843769,Berkshire Bank,"0876CV00084",Real Property,Closed,20080305,20080506
74922636,Berkshire Bank,"1079CV00285",Real Property,Closed,20100325,20100618
75026304,Berkshire Bank,"0976CV00121",Contract / Business Cases,Closed,20090416,20090707
75072029,Berkshire Bank,"0976CV00115",Contract / Business Cases,Closed,20090413,20101206
75096123,Berkshire Bank,"1627CV000293",Civil,Pending,20160922,20160922
75116194,Berkshire Bank,"1579CV00511",Real Property,Open,20150729,20150729
75140025,Berkshire Bank,"0776CV00384",Real Property,Closed,20071129,20080124
75140647,Berkshire Bank,"0876CV00075",Real Property,Closed,20080226,20080414
75354644,Berkshire Bank,"0876CV00365",Real Property,Closed,20081218,20090223
75451149,Berkshire Bank,"1627CV000266",Civil,Pending,20160902,20160902
75549508,Berkshire Bank,"1079CV00024",Real Property,Closed,20100108,20100420
75736561,Berkshire Bank,"0776CV00126",Real Property,Closed,20070425,20070703
75736879,Berkshire Bank,"0776CV00127",Real Property,Closed,20070425,20070703
76022226,Berkshire Bank,"0776CV00172",Real Property,Closed,20070612,20070904
76059628,Berkshire Bank,"1079CV00109",Real Property,Closed,20100201,20100702
76157136,Berkshire Bank,"08 MISC 386604",Servicemembers,Closed,20081016,20150211
76289011,Berkshire Bank,"15 SM 005132",Servicemembers,Closed,20150623,20151002
76507083,Berkshire Bank,"1676CV00297",Real Property,Open,20161031,20161031
76766528,Berkshire Bank,"1284CV03483",Real Property,Closed,20120920,20140806
77673660,Berkshire Bank,"2184CV00503",Contract / Business Cases,Open,20210304,20210304
77681866,Berkshire Bank,"1882CV00121",Contract / Business Cases,Suspended,20180129,20180517
79659249,Berkshire Bank,"1844CV000039",Civil,Disposed (Statistical Purposes),20180205,20180529
79822115,Berkshire Bank,"1723SC001373",Small Claims,Disposed (Statistical Purposes),20170407,20170614
79890640,Berkshire Bank,"1727CV000166",Civil,Disposed (Statistical Purposes),20170613,20170901
80443499,Berkshire Bank,"1627CV000388",Civil,Disposed (Statistical Purposes),20161216,20171011
80501815,Berkshire Bank,"1727CV000324",Civil,Disposed (Statistical Purposes),20171031,20180223
80905459,Berkshire Bank,"2120CV000108",Civil,Disposed (Statistical Purposes),20210427,20210903
81970032,Berkshire Bank,"17 SM 009567",Servicemembers,Closed,20171211,20180205
82166060,Berkshire Bank,"1776CV00240",Real Property,Closed,20171011,20171018
82217055,Berkshire Bank,"2027CV000120",Civil,Disposed (Statistical Purposes),20200930,20210402
82493559,Berkshire Bank,"1776CV00261",Real Property,Closed,20171102,20171222
82494940,Berkshire Bank,"1776CV00262",Real Property,Closed,20171102,20171222
82518361,Berkshire Bank,"18 SM 000240",Servicemembers,Closed,20180116,20180402
82537991,Berkshire Bank,"2127CV000258",Civil,Disposed (Statistical Purposes),20211203,20220207
82911189,Berkshire Bank,"2027CV000022",Civil,Suspended Covid 19 extended,20200129,20200904
83067372,Berkshire Bank,"19 SM 002657",Servicemembers,Closed,20190529,20190827
83233992,Berkshire Bank,"19 SM 002940",Servicemembers,Closed,20190619,20190916
83243427,Berkshire Bank,"1676CV00336",Real Property,Closed,20161216,20170213
83243884,Berkshire Bank,"1676CV00337",Real Property,Closed,20161216,20170327
83253104,Berkshire Bank,"1776CV00010",Real Property,Closed,20170109,20170228
83255612,Berkshire Bank,"1776CV00022",Contract / Business Cases,Closed,20170119,20170724
83260932,Berkshire Bank,"1776CV00024",Real Property,Closed,20170120,20170821
83318500,Berkshire Bank,"2076CV00005",Real Property,Closed,20200107,20200228
83322289,Berkshire Bank,"2076CV00018",Real Property,Closed,20200121,20200323
83330105,Berkshire Bank,"2076CV00041",Real Property,Closed,20200214,20200429
83330229,Berkshire Bank,"2076CV00043",Real Property,Open,20200214,20200214
83330377,Berkshire Bank,"2076CV00047",Real Property,Open,20200214,20200214
83383612,Berkshire Bank,"1976CV00219",Real Property,Closed,20191007,20191120
83388071,Berkshire Bank,"1976CV00223",Real Property,Closed,20191017,20191108
83388404,Berkshire Bank,"1976CV00225",Real Property,Closed,20191017,20191212
83398933,Berkshire Bank,"1976CV00250",Real Property,Closed,20191115,20200115
83488045,Berkshire Bank,"1780CV00046",Real Property,Open,20170327,20170327
83497538,Berkshire Bank,"1879CV00017",Real Property,Open,20180108,20180108
83500427,Berkshire Bank,"1680CV00191",Real Property,Open,20161115,20161115
83506612,Berkshire Bank,"1979CV00503",Contract / Business Cases,Open,20190703,20190703
83548660,Berkshire Bank,"1879CV00045",Real Property,Open,20180116,20180116
83550041,Berkshire Bank,"1879CV00043",Real Property,Open,20180116,20180116
83550914,Berkshire Bank,"1780CV00061",Real Property,Open,20170418,20170418
83557642,Berkshire Bank,"1879CV00042",Real Property,Open,20180116,20180116
83609751,Berkshire Bank,"2080CV00133",Real Property,Open,20201207,20201207
83610418,Berkshire Bank,"2081CV00535",Contract / Business Cases,Open,20200226,20200226
83622802,Berkshire Bank,"1979CV00565",Real Property,Open,20190725,20190725
83623383,Berkshire Bank,"1979CV00564",Real Property,Open,20190725,20190725
83623625,Berkshire Bank,"1979CV00563",Real Property,Open,20190725,20190725
83624710,Berkshire Bank,"1979CV00562",Real Property,Open,20190725,20190725
83638487,Berkshire Bank,"1980CV00162",Real Property,Open,20190923,20190923
83659035,Berkshire Bank,"1679CV00918",Real Property,Open,20161216,20161216
83669303,Berkshire Bank,"1779CV00247",Contract / Business Cases,Open,20170407,20170407
83683753,Berkshire Bank,"2181CV00355",Contract / Business Cases,Open,20210217,20210217
83703126,Berkshire Bank,"1780CV00012",Real Property,Open,20170124,20170124
83703342,Berkshire Bank,"1779CV00811",Real Property,Open,20171117,20171117
83715402,Berkshire Bank,"1779CV00622",Real Property,Open,20170901,20170901
83757414,Berkshire Bank,"1779CV00627",Contract / Business Cases,Open,20170908,20170908
83758870,Berkshire Bank,"2081CV02025",Contract / Business Cases,Suspended,20200821,20211214
83768240,Berkshire Bank,"2081CV00691",Contract / Business Cases,Open,20200311,20200311
83769436,Berkshire Bank,"2081CV00692",Contract / Business Cases,Open,20200311,20200311
83780417,Berkshire Bank,"1979CV00726",Contract / Business Cases,Closed,20190924,20201013
83799312,Berkshire Bank,"17 SM 000832",Servicemembers,Closed,20170130,20170920
83844836,Berkshire Bank,"1779CV00662",Real Property,Open,20170919,20170919
83853075,Berkshire Bank,"1980CV00184",Contract / Business Cases,Open,20191101,20191101
83908803,Berkshire Bank,"1779CV00033",Real Property,Open,20170112,20170112
83955704,Berkshire Bank,"20 SM 000327",Servicemembers,Closed,20200121,20210913
83988851,Berkshire Bank,"1981CV01523",Contract / Business Cases,Suspended,20190530,20190627
84031930,Berkshire Bank,"1976CV00129",Real Property,Closed,20190605,20190801
84032144,Berkshire Bank,"1976CV00128",Real Property,Closed,20190605,20190801
84044054,Berkshire Bank,"1976CV00138",Real Property,Closed,20190614,20190808
84049066,Berkshire Bank,"1976CV00163",Real Property,Closed,20190723,20190918
84049138,Berkshire Bank,"1976CV00164",Real Property,Closed,20190723,20201119
84049670,Berkshire Bank,"1979CV00408",Real Property,Open,20190605,20190605
84060861,Berkshire Bank,"19 SM 004936",Servicemembers,Closed,20191018,20191212
84074382,Berkshire Bank,"1976CV00179",Real Property,Open,20190814,20190814
84074464,Berkshire Bank,"1976CV00180",Real Property,Closed,20190814,20191125
84120608,Berkshire Bank,"1779CV00085",Real Property,Open,20170131,20170131
84129368,Berkshire Bank,"17 SM 005373",Servicemembers,Closed,20170615,20180608
84133252,Berkshire Bank,"2181CV00523",Contract / Business Cases,Suspended,20210308,20210621
84139179,Berkshire Bank,"2181CV00027",Contract / Business Cases,Open,20210106,20210106
84171097,Berkshire Bank,"2281CV00006",Contract / Business Cases,Open,20220103,20220103
84182828,Berkshire Bank,"1979CV00834",Real Property,Open,20191028,20191028
84196371,Berkshire Bank,"2079CV00092",Contract / Business Cases,Open,20200210,20200210
84199105,Berkshire Bank,"2181CV02072",Real Property,Open,20210921,20210921
84212640,Berkshire Bank,"2281CV00054",Contract / Business Cases,Suspended,20220106,20220124
84214908,Berkshire Bank,"1981CV02476",Contract / Business Cases,Suspended,20190822,20191107
84215299,Berkshire Bank,"1781CV00707",Real Property,Closed,20170306,20170814
84238713,Berkshire Bank,"2081CV02238",Contract / Business Cases,Open,20200915,20200915
84262044,Berkshire Bank,"2281CV00055",Contract / Business Cases,Open,20220110,20220110
84298115,Berkshire Bank,"2181CV00576",Contract / Business Cases,Open,20210315,20210315
84328678,Berkshire Bank,"2167CV000253",Civil,Open,20210923,20210923
84352356,Berkshire Bank,"2181CV00603",Contract / Business Cases,Open,20210318,20210318
84354630,Berkshire Bank,"1981CV02533",Contract / Business Cases,Open,20190829,20190829
84358463,Berkshire Bank,"1981CV02546",Contract / Business Cases,Suspended,20190829,20190920
84362170,Berkshire Bank,"2281CV00133",Contract / Business Cases,Open,20220112,20220112
84374140,Berkshire Bank,"2081CV01589",Contract / Business Cases,Suspended,20200708,20201020
84374569,Berkshire Bank,"2081CV02303",Contract / Business Cases,Open,20200924,20200924
84375101,Berkshire Bank,"2081CV00063",Contract / Business Cases,Open,20200108,20200108
84376100,Berkshire Bank,"2081CV02311",Contract / Business Cases,Open,20200924,20200924
84396863,Berkshire Bank,"1981CV02899",Real Property,Open,20191003,20191003
84417036,Berkshire Bank,"1781CV03600",Real Property,Open,20171211,20171211
84448613,Berkshire Bank,"2081CV01666",Contract / Business Cases,Open,20200716,20200716
84458594,Berkshire Bank,"2081CV00387",Contract / Business Cases,Open,20200210,20200210
84483330,Berkshire Bank,"2081CV00428",Contract / Business Cases,Open,20200213,20200213
84493023,Berkshire Bank,"1801SC000858",Small Claims,Disposed (Statistical Purposes),20180614,20180719
84493846,Berkshire Bank,"1801SC000857",Small Claims,Disposed (Statistical Purposes),20180614,20180719
84504144,Berkshire Bank,"1981CV02071",Contract / Business Cases,Open,20190718,20190718
84600486,Berkshire Bank,"2282CV00099",Contract / Business Cases,Open,20220202,20220202
84633341,Berkshire Bank,"1981CV02226",Contract / Business Cases,Open,20190731,20190731
84634167,Berkshire Bank,"1981CV02227",Contract / Business Cases,Open,20190731,20190731
84699913,Berkshire Bank,"2084CV00705",Contract / Business Cases,Open,20200312,20200703
84751305,Berkshire Bank,"2084CV00460",Contract / Business Cases,Suspended,20200218,20200929
84782565,Berkshire Bank,"2084CV00494",Contract / Business Cases,Open,20200220,20200310
84823942,Berkshire Bank,"2184CV02654",Equitable Remedies,Open,20211117,20211117
84854525,Berkshire Bank,"1981CV02382",Contract / Business Cases,Open,20190814,20190814
84868528,Berkshire Bank,"2084CV01368",Contract / Business Cases,Open,20200629,20200629
84925083,Berkshire Bank,"2284CV00048",Contract / Business Cases,Open,20220107,20220107
84949748,Berkshire Bank,"2084CV02322",Contract / Business Cases,Open,20201008,20210902
84973793,Berkshire Bank,"2284CV00059",Contract / Business Cases,Open,20220111,20220111
85005127,Berkshire Bank,"2284CV00040",Contract / Business Cases,Open,20220106,20220106
85026130,Berkshire Bank,"2084CV00631",Contract / Business Cases,Open,20200305,20200909
85037593,Berkshire Bank,"2084CV00630",Contract / Business Cases,Open,20200305,20201023
85084589,Berkshire Bank,"2284CV00133",Contract / Business Cases,Open,20220118,20220118
85154525,Berkshire Bank,"2184CV00030",Contract / Business Cases,Open,20210107,20210521
85156780,Berkshire Bank,"2184CV00906",Contract / Business Cases,Open,20210420,20210420
85211192,Berkshire Bank,"1779CV00361",Real Property,Open,20170522,20170522
85316681,Berkshire Bank,"1815CV001626",Civil,Disposed (Statistical Purposes),20181227,20190314
85462006,Berkshire Bank,"1785CV00193",Contract / Business Cases,Open,20170203,20170203
85492685,Berkshire Bank,"1864SC000800",Small Claims,Disposed (Statistical Purposes),20180614,20180918
85493451,Berkshire Bank,"1864SC000798",Small Claims,Open,20180614,20180614
85494812,Berkshire Bank,"1864SC000797",Small Claims,Disposed (Statistical Purposes),20180614,20180918
85497394,Berkshire Bank,"1864SC000802",Small Claims,Disposed (Statistical Purposes),20180614,20180918
85497683,Berkshire Bank,"1864SC000799",Small Claims,Disposed (Statistical Purposes),20180614,20181120
85556159,Berkshire Bank,"1984CV02197",Contract / Business Cases,Suspended,20190710,20190731
85983288,Berkshire Bank,"1927CV000060",Civil,Disposed (Statistical Purposes),20190429,20200210
86039354,Berkshire Bank,"2127CV000104",Civil,Disposed (Statistical Purposes),20210526,20220217
86129678,Berkshire Bank,"1967SC000002",Small Claims,Disposed (Statistical Purposes),20190104,20190312
86130065,Berkshire Bank,"1967SC000003",Small Claims,Disposed (Statistical Purposes),20190104,20200929
86189918,Berkshire Bank,"1859SC001093",Small Claims,Disposed (Statistical Purposes),20180823,20181120
86524910,Berkshire Bank,"1827CV000346",Civil,Disposed (Statistical Purposes),20181026,20191209
86532774,Berkshire Bank,"1962SC000113",Small Claims,Disposed (Statistical Purposes),20190122,20190306
86657940,Berkshire Bank,"1962CV000108",Civil,Disposed (Statistical Purposes),20190201,20190625
87071556,Berkshire Bank,"18 SM 003395",Servicemembers,Closed,20180518,20180905
87098547,Berkshire Bank,"1981CV00987",Contract / Business Cases,Open,20190408,20190408
87098810,Berkshire Bank,"1981CV00989",Contract / Business Cases,Open,20190408,20190408
87102897,Berkshire Bank,"1981CV01027",Contract / Business Cases,Open,20190411,20190411
87116014,Berkshire Bank,"1981CV01103",Contract / Business Cases,Open,20190418,20190418
87127580,Berkshire Bank,"1981CV01144",Contract / Business Cases,Open,20190423,20190423
87149733,Berkshire Bank,"1981CV01246",Real Property,Open,20190502,20190502
87164806,Berkshire Bank,"1981CV01306",Contract / Business Cases,Suspended,20190508,20191223
87197403,Berkshire Bank,"19 SM 002267",Servicemembers,Closed,20190501,20200228
87213648,Berkshire Bank,"1962CV000369",Civil,Disposed (Statistical Purposes),20190502,20190513
87227983,Berkshire Bank,"1876CV00242",Real Property,Closed,20180918,20181107
87229092,Berkshire Bank,"1876CV00243",Real Property,Closed,20180918,20181107
87246796,Berkshire Bank,"1865SC000517",Small Claims,Open,20180823,20180823
87254368,Berkshire Bank,"1876CV00256",Real Property,Closed,20180927,20181102
87284840,Berkshire Bank,"1876CV00266",Real Property,Closed,20181019,20181026
87290042,Berkshire Bank,"1881CV03125",Contract / Business Cases,Open,20181031,20181031
87299650,Berkshire Bank,"1876CV00278",Real Property,Closed,20181031,20181123
87302746,Berkshire Bank,"1879CV00923",Contract / Business Cases,Open,20181214,20181214
87331692,Berkshire Bank,"1983CV00338",Contract / Business Cases,Closed,20190329,20200221
87412130,Berkshire Bank,"1979CV00031",Real Property,Open,20190118,20190118
87421759,Berkshire Bank,"1883CV00709",Contract / Business Cases,Open,20180702,20180702
87461171,Berkshire Bank,"1984CV00581",Contract / Business Cases,Open,20190220,20190807
87462200,Berkshire Bank,"1984CV00580",Contract / Business Cases,Open,20190220,20190911
87469748,Berkshire Bank,"1984CV00620",Contract / Business Cases,Open,20190225,20190920
87512621,Berkshire Bank,"1876CV00157",Real Property,Closed,20180613,20180806
87544428,Berkshire Bank,"1876CV00215",Real Property,Closed,20180813,20181011
87546279,Berkshire Bank,"1984CV01031",Contract / Business Cases,Open,20190402,20190402
87561194,Berkshire Bank,"1984CV01128",Contract / Business Cases,Open,20190410,20210628
87591541,Berkshire Bank,"1984CV01255",Contract / Business Cases,Open,20190422,20191008
87595845,Berkshire Bank,"1984CV01291",Contract / Business Cases,Open,20190424,20190906
87596029,Berkshire Bank,"1984CV01290",Contract / Business Cases,Open,20190424,20190530
87599729,Berkshire Bank,"1984CV01312",Contract / Business Cases,Closed,20190425,20190917
87603000,Berkshire Bank,"1984CV01307",Contract / Business Cases,Open,20190425,20190425
87608092,Berkshire Bank,"1984CV01367",Contract / Business Cases,Open,20190429,20191018
87640436,Berkshire Bank,"1984CV01491",Contract / Business Cases,Open,20190509,20200117
87693915,Berkshire Bank,"1981CV00728",Torts,Open,20190314,20190314
87752866,Berkshire Bank,"1885CV00928",Real Property,Open,20180614,20180614
87834044,Berkshire Bank,"1723CV000818",Civil,Disposed (Statistical Purposes),20170605,20171110
88070830,Berkshire Bank,"2223CV000044",Civil,Open,20220119,20220119
88088702,Berkshire Bank,"1723CV001356",Civil,Disposed (Statistical Purposes),20170914,20180516
88102402,Berkshire Bank,"2223CV000103",Civil,Open,20220128,20220128
88440468,Berkshire Bank,"2127CV000011",Civil,Disposed (Statistical Purposes),20210108,20210526
88664268,Berkshire Bank,"1981CV02660",Contract / Business Cases,Open,20190910,20190910
88741371,Berkshire Bank,"1981CV01439",Contract / Business Cases,Reopened,20190521,20201215
88748324,Berkshire Bank,"2181CV06499",Contract / Business Cases,Open,20211220,20211220
88783373,Berkshire Bank,"17 SM 006205",Servicemembers,Closed,20170720,20180215
88787899,Berkshire Bank,"1681CV03604",Contract / Business Cases,Open,20161219,20161219
88795042,Berkshire Bank,"1981CV01463",Contract / Business Cases,Open,20190523,20190523
88799581,Berkshire Bank,"1981CV01461",Contract / Business Cases,Open,20190523,20190523
88807409,Berkshire Bank,"1981CV01462",Contract / Business Cases,Suspended,20190523,20190701
88935377,Berkshire Bank,"1861CV000060",Civil,Disposed (Statistical Purposes),20180228,20180420
89006664,Berkshire Bank,"2184CV00224",Contract / Business Cases,Open,20210201,20210201
89006736,Berkshire Bank,"2184CV00228",Contract / Business Cases,Open,20210201,20210201
89007125,Berkshire Bank,"1984CV03897",Contract / Business Cases,Suspended,20191216,20210105
89008394,Berkshire Bank,"1976CV00015",Real Property,Closed,20190116,20190313
11741478,Legacy Banks Berkshire Bank successor by merger to,"1476CV00178",Real Property,Closed,20140612,20140812
19354293,Legacy Banks Berkshire Bank successor by merger to,"1276CV00333",Real Property,Closed,20121108,20130108
48099172,Legacy Banks Berkshire Bank successor by merger to,"1476CV00103",Real Property,Closed,20140331,20140519
17841902,Berkshire Bank suc by merger Legacy Bank f/k/a City Savings Bank,"1480CV00212",Real Property,Closed,20141103,20150109
17908989,f/k/a City Savings Bank Berkshire Bank,"1276CV00149",Real Property,Closed,20120525,20120827
18285813,"Berkshire Bank, successor by merger to Berkshire County Saving B","1476CV00208",Real Property,Closed,20140724,20140917
18370102,"Berkshire Bank, successor by merger to Legacy Banks","1476CV00226",Real Property,Closed,20140825,20141015
18603163,"Berkshire Bank, successor by merger to Legacy Banks","1376CV00291",Real Property,Closed,20131016,20131211
19348916,"Berkshire Bank, successor by merger to Legacy Banks","1376CV00106",Real Property,Closed,20130417,20130606
19354852,"Berkshire Bank, successor by merger to Legacy Banks","1276CV00334",Real Property,Closed,20121108,20130114
74790698,"Berkshire Bank, successor by merger to Legacy Banks","1576CV00001",Real Property,Closed,20150102,20150302
18597182,Berkshire Bank successor by merger to Legacy Banks,"1376CV00285",Real Property,Closed,20131009,20131205
18603775,Berkshire Bank successor by merger to Legacy Banks,"1376CV00292",Real Property,Closed,20131016,20131211
18691336,Berkshire Bank successor by merger to Legacy Banks,"1376CV00366",Real Property,Closed,20131226,20140221
18849682,Berkshire Bank successor by merger to Legacy Banks,"1476CV00003",Real Property,Closed,20140108,20140303
18924410,Berkshire Bank successor by merger to Legacy Banks,"1476CV00017",Real Property,Closed,20140121,20140324
19142261,Berkshire Bank successor by merger to Legacy Banks,"1176CV00194",Real Property,Closed,20110701,20120322
19381357,Berkshire Bank successor by merger to Legacy Banks,"1276CV00293",Real Property,Closed,20121015,20121220
19674611,Berkshire Bank successor by merger to Legacy Banks,"1176CV00316",Equitable Remedies,Closed,20111107,20120307
48003733,Berkshire Bank successor by merger to Legacy Banks,"1376CV00043",Real Property,Closed,20130205,20130402
48004686,Berkshire Bank successor by merger to Legacy Banks,"1376CV00073",Real Property,Closed,20130306,20130619
48004985,Berkshire Bank successor by merger to Legacy Banks,"1376CV00076",Real Property,Closed,20130307,20130521
48098793,Berkshire Bank successor by merger to Legacy Banks,"1476CV00098",Real Property,Closed,20140326,20140515
72224399,Berkshire Bank successor by merger to Legacy Banks,"1676CV00167",Real Property,Closed,20160607,20160711
73099413,Berkshire Bank successor by merger to Legacy Banks,"1576CV00310",Real Property,Open,20151102,20151102
73134280,Berkshire Bank successor by merger to Legacy Banks,"1576CV00269",Real Property,Closed,20150923,20150923
87533618,Berkshire Bank successor by merger to Legacy Banks,"1876CV00196",Real Property,Closed,20180719,20180911
18604044,Berkshire Bank successor by merger to,"1376CV00328",Real Property,Closed,20131120,20140114
18660661,Berkshire Bank successor by merger to,"1376CV00351",Real Property,Closed,20131213,20150224
18668692,"Berkshire Bank, Successor by merger to Berkshire County Savings","1472CV00258",Real Property,Closed,20140602,20140821
18679721,Berkshire Bank as successor by merger to Legacy Banks,"1380CV00058",Real Property,Closed,20130329,20130618
18689251,Legacy Bank Berkshire Bank successor by merger to,"1376CV00364",Real Property,Closed,20131226,20140218
48100193,Legacy Bank Berkshire Bank successor by merger to,"1476CV00108",Real Property,Closed,20140404,20140509
18964204,"Berkshire Bank, Sucessor by Merger to Woronoco Savings Bank","1280CV00143",Real Property,Closed,20120719,20121003
19005152,Berkshire Bank successor by merger f/k/a Legacy Banks,"1476CV00061",Real Property,Closed,20140221,20140624
19130615,Berkshire Bank - successor by merger to Legacy Banks,"1476CV00147",Real Property,Closed,20140515,20140716
19374492,Berkshire Bank successor by merger to Legacy Banks f/k/a Lenox S,"1376CV00143",Real Property,Closed,20130517,20130712
19419177,Banks formerly know as Berkshire Bank successor by merger to Legacy Banks,"1376CV00154",Real Property,Closed,20130531,20130729
19605754,"Berkshire Bank, successor by merger to Woronoco Savings Bank","1380CV00126",Real Property,Closed,20130703,20130912
83687417,"Berkshire Bank, successor by merger to Woronoco Savings Bank","1679CV00926",Real Property,Open,20161219,20161219
19674168,Berkshire Bank successor by Merger to Legacy Banks f/k/a City Sa,"1176CV00315",Real Property,Closed,20111104,20120117
19683002,Known as City Savings Banks Berkshire Bank Successor by Merger to Legacy Banks Formerly,"1176CV00333",Real Property,Closed,20111125,20120113
40502426,"Berkshire Bank,","05 MISC 313809",Servicemembers,Closed,20050923,20051130
56000957,"Berkshire Bank,","16 SM 000585",Servicemembers,Closed,20160115,20160211
63497691,"Berkshire Bank,","09 MISC 391637",Servicemembers,Closed,20090114,20090707
47967718,Berkshire Bank F/K/A Legacy Banks,"1276CV00183",Real Property,Closed,20120712,20120830
47973224,Berkshire Bank F/K/A Legacy Banks,"1276CV00226",Real Property,Closed,20120823,20121023
47974607,"Berkshire Bank, successor by merger to Legacy Banks f/k/a City S","1276CV00242",Real Property,Closed,20120906,20121105
47993444,known as City Savings Bank Berkshire Bank successor to merger to Legacy Banks formerly,"1376CV00201",Real Property,Closed,20130716,20130729
47993584,Berkshire Bank successor by merger of Legacy Banks,"1376CV00209",Equitable Remedies,Open,20130723,20140220
47996544,Berkshire Bank successor by merger/Legacy Banks,"1376CV00274",Real Property,Closed,20130925,20131120
48002365,Berkshire Bank successor by merger to Legacy Bank,"1376CV00015",Real Property,Closed,20130115,20130306
48003296,Berkshire Bank successor by merger to Legacy Bank,"1376CV00023",Real Property,Closed,20130123,20130314
72394829,Berkshire Bank successor by merger to Legacy Bank,"1576CV00232",Real Property,Closed,20150819,20151008
73368223,Berkshire Bank successor by merger to Legacy Bank,"1576CV00285",Real Property,Closed,20151014,20151203
48006671,Great Barrington Savings Bank Berkshire Bank successor by merger to,"1376CV00099",Real Property,Closed,20130411,20130603
48091871,Berkshire Bank successor by merger to Beacon Federal,"1476CV00310",Contract / Business Cases,Closed,20141118,20150513
48095369,"Berkshire Bank, successor by merger to Legacy","1476CV00075",Real Property,Closed,20140307,20140528
60042364,Berkshire Bank successor by merger to Woronoco Savings Bank,"1680CV00044",Real Property,Open,20160323,20160323
71412441,Berkshire Bank successor by merger to Woronoco Savings Bank,"1279CV00991",Real Property,Closed,20121214,20130319
71434656,Berkshire Bank successor by merger to Woronoco Savings Bank,"1279CV00987",Real Property,Closed,20121213,20130408
71452567,Berkshire Bank successor by merger to Woronoco Savings Bank,"1279CV00873",Real Property,Closed,20121026,20130213
71452843,Berkshire Bank successor by merger to Woronoco Savings Bank,"1279CV00874",Real Property,Closed,20121026,20130318
71675261,Berkshire Bank successor by merger to Woronoco Savings Bank,"1279CV00790",Real Property,Closed,20120926,20130408
75002569,Berkshire Bank successor by merger to Woronoco Savings Bank,"1579CV00309",Real Property,Open,20150512,20150512
78158987,Berkshire Bank successor by merger to Woronoco Savings Bank,"1379CV00495",Real Property,Closed,20130719,20131212
63911280,Berkshire Bank successor by merger,"1579CV00018",Real Property,Closed,20150115,20150609
65658462,Berkshire Bank successor by merger,"1379CV00883",Real Property,Closed,20131219,20140127
66751621,"Berkshire Bank, successor by merger To Great Barrington Savings","0776CV00086",Real Property,Closed,20070314,20070705
67227442,Berkshire Bank successor-by-merger to Woronoco Savings Bank,"0979CV00536",Real Property,Closed,20090601,20090902
68242951,Berkshire Bank successor-by-merger to Woronoco Savings Bank,"0879CV00567",Real Property,Closed,20080612,20081113
75989049,Berkshire Bank successor-by-merger to Woronoco Savings Bank,"1079CV00132",Real Property,Closed,20100209,20100603
71572465,Berkshire Bank successor by merger to Berkshire County Savings Bank,"1676CV00291",Real Property,Open,20161024,20161024
73683630,"Berkshire Bank, successor by merger to Legacy Banks f/k/a City Savings Bank","1576CV00161",Real Property,Open,20150604,20150604
73698527,f/k/a Legacy Banks Berkshire Bank as successor by merger,"1576CV00120",Real Property,Closed,20150422,20150622
74868133,Berkshire Bank successor by merger to Great Barrington Savings B,"0876CV00081",Real Property,Closed,20080304,20080423
86874515,Commerce Bank a Division of Berkshire Bank,"1862CV001443",Civil,Disposed (Statistical Purposes),20181005,20190426
83688758,Berkshire Bank successor by merger to Hampden Bank,"1679CV00927",Real Property,Open,20161219,20161219
84047115,Berkshire Bank S/B/M Hampden Bank,"20 SM 000760",Servicemembers,Closed,20200211,20210915
85600251,"Commerce Bank, a division of Berkshire Bank, as","1885CV00152",Contract / Business Cases,Open,20180129,20180129
87758244,Berkshire Bank successor by merger to Commerce Bank & Trust Company,"1885CV00903",Real Property,Open,20180618,20180618
87758613,Berkshire Bank successor by merger to Commerce Bank & Trust Company,"1885CV00902",Real Property,Open,20180618,20180618
